{"cameraMode":{"drawMode":0,"name":"Shaded","section":"Shading Mode"},"sceneLighting":false,"audioPlay":false,"sceneViewState":{"m_AlwaysRefresh":false,"showFog":true,"showSkybox":false,"showFlares":true,"showImageEffects":true,"showParticleSystems":true,"showVisualEffectGraphs":true,"m_FxEnabled":true},"in2DMode":false,"pivot":{"x":-3.725290298461914e-9,"y":-2.9802322387695315e-8,"z":-0.040218889713287356},"rotation":{"x":0.008086884394288063,"y":0.9618270397186279,"z":0.028563885018229486,"w":-0.2721031606197357},"size":0.10936451703310013,"orthographic":false}